{
  "title": "MonteCarlo_Q_values",
  "description": "Q-values for state-action pairs",
  "shape": [
    5,
    5,
    4
  ],
  "action_map": {
    "0": "UP",
    "1": "DOWN",
    "2": "LEFT",
    "3": "RIGHT"
  },
  "q_values": {
    "(0,0)": [
      -3.3766682953339613,
      -3.667542995230244,
      -3.861878313443249,
      -3.0892980981344813
    ],
    "(0,1)": [
      -2.3893710174176612,
      -2.9135867201506036,
      -3.405304380481122,
      -2.122196779772863
    ],
    "(0,2)": [
      -1.085084322332551,
      -1.9770760128688951,
      -2.679192541181409,
      -1.075954363137755
    ],
    "(0,3)": [
      -0.24517275070284553,
      -0.8610774945731582,
      -1.7740390777379906,
      0.08560245475979006
    ],
    "(0,4)": [
      1.459278167321019,
      0.006636260028965662,
      -0.7027319918400514,
      0.3415139194520919
    ],
    "(1,0)": [
      -2.6118048867369605,
      -3.9129808606759604,
      -4.016682771493213,
      -2.3371428280740907
    ],
    "(1,1)": [
      -2.7736592910300395,
      -3.1696617461526606,
      -3.5306925311864648,
      -1.1301549065692673
    ],
    "(1,2)": [
      0.3463981347514372,
      -1.8845824522461223,
      -1.824403071614561,
      -0.01652661728280814
    ],
    "(1,3)": [
      0.3688959162159344,
      -0.7072075204652335,
      -0.8579154828880238,
      1.4504067407806263
    ],
    "(1,4)": [
      3.428761703144792,
      0.7022972619293998,
      0.6685498682219799,
      1.9611344006811122
    ],
    "(2,0)": [
      -1.2033071280765602,
      -5.089100607917859,
      -4.201899155414057,
      -3.137456922046633
    ],
    "(2,1)": [
      0.0,
      0.0,
      0.0,
      0.0
    ],
    "(2,2)": [
      2.0078516421523855,
      -0.6784439939912088,
      0.6375648241232936,
      0.6553726455512532
    ],
    "(2,3)": [
      0.0,
      0.0,
      0.0,
      0.0
    ],
    "(2,4)": [
      5.770112517842691,
      2.2937005992839055,
      4.016433735049113,
      4.216566617
    ],
    "(3,0)": [
      -2.260099436054904,
      -1.8338891176266525,
      -3.065082829752092,
      0.16414950506908602
    ],
    "(3,1)": [
      0.42679392128032206,
      -0.16661595691698028,
      -2.741318678034737,
      2.092419034927745
    ],
    "(3,2)": [
      3.464739650815005,
      0.9020781878554361,
      1.0657698648819143,
      3.8771770731015756
    ],
    "(3,3)": [
      5.723497382866219,
      4.197039816877271,
      2.7517170843884076,
      6.025504471580008
    ],
    "(3,4)": [
      8.262374103285063,
      4.255517995648506,
      4.709390543179686,
      6.165037814911761
    ],
    "(4,0)": [
      -6.520693392679179,
      -1.3840739619907283,
      -6.687554819049884,
      -3.7380872381600954
    ],
    "(4,1)": [
      -3.625412602161452,
      -4.103132227513119,
      -4.486308155081874,
      2.6412225672882994
    ],
    "(4,2)": [
      3.541173910648277,
      2.6855366311978193,
      -0.4693623362666072,
      5.494742547243942
    ],
    "(4,3)": [
      6.190478243548399,
      4.16631212357136,
      3.721340407917658,
      8.228894945562361
    ],
    "(4,4)": [
      0.0,
      0.0,
      0.0,
      0.0
    ]
  }
}